seed,split,cls,n_test
0,random,HYDROLASE,2130
0,random,IMMUNE SYSTEM,836
0,random,ISOMERASE,296
0,random,LYASE,466
0,random,OXIDOREDUCTASE,1286
0,random,SIGNALING PROTEIN,384
0,random,TRANSCRIPTION,397
0,random,TRANSFERASE,1581
0,random,TRANSPORT PROTEIN,369
0,random,VIRAL PROTEIN,298
0,cluster,HYDROLASE,2328
0,cluster,IMMUNE SYSTEM,2892
0,cluster,ISOMERASE,303
0,cluster,LYASE,447
0,cluster,OXIDOREDUCTASE,1469
0,cluster,SIGNALING PROTEIN,385
0,cluster,TRANSCRIPTION,466
0,cluster,TRANSFERASE,1452
0,cluster,TRANSPORT PROTEIN,387
0,cluster,VIRAL PROTEIN,252
0,cluster_stratified,HYDROLASE,1741
0,cluster_stratified,IMMUNE SYSTEM,1427
0,cluster_stratified,ISOMERASE,361
0,cluster_stratified,LYASE,388
0,cluster_stratified,OXIDOREDUCTASE,1291
0,cluster_stratified,SIGNALING PROTEIN,391
0,cluster_stratified,TRANSCRIPTION,321
0,cluster_stratified,TRANSFERASE,1566
0,cluster_stratified,TRANSPORT PROTEIN,403
0,cluster_stratified,VIRAL PROTEIN,460
1,random,HYDROLASE,2130
1,random,IMMUNE SYSTEM,836
1,random,ISOMERASE,296
1,random,LYASE,466
1,random,OXIDOREDUCTASE,1286
1,random,SIGNALING PROTEIN,384
1,random,TRANSCRIPTION,397
1,random,TRANSFERASE,1581
1,random,TRANSPORT PROTEIN,369
1,random,VIRAL PROTEIN,298
1,cluster,HYDROLASE,1942
1,cluster,IMMUNE SYSTEM,222
1,cluster,ISOMERASE,214
1,cluster,LYASE,510
1,cluster,OXIDOREDUCTASE,1198
1,cluster,SIGNALING PROTEIN,513
1,cluster,TRANSCRIPTION,390
1,cluster,TRANSFERASE,1347
1,cluster,TRANSPORT PROTEIN,434
1,cluster,VIRAL PROTEIN,413
1,cluster_stratified,HYDROLASE,2055
1,cluster_stratified,IMMUNE SYSTEM,2972
1,cluster_stratified,ISOMERASE,246
1,cluster_stratified,LYASE,438
1,cluster_stratified,OXIDOREDUCTASE,1049
1,cluster_stratified,SIGNALING PROTEIN,406
1,cluster_stratified,TRANSCRIPTION,385
1,cluster_stratified,TRANSFERASE,1451
1,cluster_stratified,TRANSPORT PROTEIN,356
1,cluster_stratified,VIRAL PROTEIN,303
2,random,HYDROLASE,2130
2,random,IMMUNE SYSTEM,836
2,random,ISOMERASE,296
2,random,LYASE,466
2,random,OXIDOREDUCTASE,1286
2,random,SIGNALING PROTEIN,384
2,random,TRANSCRIPTION,397
2,random,TRANSFERASE,1581
2,random,TRANSPORT PROTEIN,369
2,random,VIRAL PROTEIN,298
2,cluster,HYDROLASE,1827
2,cluster,IMMUNE SYSTEM,300
2,cluster,ISOMERASE,221
2,cluster,LYASE,473
2,cluster,OXIDOREDUCTASE,1175
2,cluster,SIGNALING PROTEIN,367
2,cluster,TRANSCRIPTION,419
2,cluster,TRANSFERASE,1571
2,cluster,TRANSPORT PROTEIN,376
2,cluster,VIRAL PROTEIN,415
2,cluster_stratified,HYDROLASE,1898
2,cluster_stratified,IMMUNE SYSTEM,243
2,cluster_stratified,ISOMERASE,361
2,cluster_stratified,LYASE,504
2,cluster_stratified,OXIDOREDUCTASE,1206
2,cluster_stratified,SIGNALING PROTEIN,294
2,cluster_stratified,TRANSCRIPTION,360
2,cluster_stratified,TRANSFERASE,1398
2,cluster_stratified,TRANSPORT PROTEIN,346
2,cluster_stratified,VIRAL PROTEIN,297
3,random,HYDROLASE,2130
3,random,IMMUNE SYSTEM,836
3,random,ISOMERASE,296
3,random,LYASE,466
3,random,OXIDOREDUCTASE,1286
3,random,SIGNALING PROTEIN,384
3,random,TRANSCRIPTION,397
3,random,TRANSFERASE,1581
3,random,TRANSPORT PROTEIN,369
3,random,VIRAL PROTEIN,298
3,cluster,HYDROLASE,2122
3,cluster,IMMUNE SYSTEM,588
3,cluster,ISOMERASE,300
3,cluster,LYASE,445
3,cluster,OXIDOREDUCTASE,1454
3,cluster,SIGNALING PROTEIN,427
3,cluster,TRANSCRIPTION,516
3,cluster,TRANSFERASE,1713
3,cluster,TRANSPORT PROTEIN,367
3,cluster,VIRAL PROTEIN,233
3,cluster_stratified,HYDROLASE,2223
3,cluster_stratified,IMMUNE SYSTEM,191
3,cluster_stratified,ISOMERASE,338
3,cluster_stratified,LYASE,363
3,cluster_stratified,OXIDOREDUCTASE,1476
3,cluster_stratified,SIGNALING PROTEIN,337
3,cluster_stratified,TRANSCRIPTION,434
3,cluster_stratified,TRANSFERASE,1238
3,cluster_stratified,TRANSPORT PROTEIN,381
3,cluster_stratified,VIRAL PROTEIN,164
4,random,HYDROLASE,2130
4,random,IMMUNE SYSTEM,836
4,random,ISOMERASE,296
4,random,LYASE,466
4,random,OXIDOREDUCTASE,1286
4,random,SIGNALING PROTEIN,384
4,random,TRANSCRIPTION,397
4,random,TRANSFERASE,1581
4,random,TRANSPORT PROTEIN,369
4,random,VIRAL PROTEIN,298
4,cluster,HYDROLASE,2198
4,cluster,IMMUNE SYSTEM,1658
4,cluster,ISOMERASE,213
4,cluster,LYASE,519
4,cluster,OXIDOREDUCTASE,1156
4,cluster,SIGNALING PROTEIN,285
4,cluster,TRANSCRIPTION,368
4,cluster,TRANSFERASE,1385
4,cluster,TRANSPORT PROTEIN,316
4,cluster,VIRAL PROTEIN,258
4,cluster_stratified,HYDROLASE,1931
4,cluster_stratified,IMMUNE SYSTEM,190
4,cluster_stratified,ISOMERASE,207
4,cluster_stratified,LYASE,319
4,cluster_stratified,OXIDOREDUCTASE,1216
4,cluster_stratified,SIGNALING PROTEIN,440
4,cluster_stratified,TRANSCRIPTION,366
4,cluster_stratified,TRANSFERASE,1655
4,cluster_stratified,TRANSPORT PROTEIN,301
4,cluster_stratified,VIRAL PROTEIN,206
5,random,HYDROLASE,2130
5,random,IMMUNE SYSTEM,836
5,random,ISOMERASE,296
5,random,LYASE,466
5,random,OXIDOREDUCTASE,1286
5,random,SIGNALING PROTEIN,384
5,random,TRANSCRIPTION,397
5,random,TRANSFERASE,1581
5,random,TRANSPORT PROTEIN,369
5,random,VIRAL PROTEIN,298
5,cluster,HYDROLASE,2168
5,cluster,IMMUNE SYSTEM,300
5,cluster,ISOMERASE,333
5,cluster,LYASE,503
5,cluster,OXIDOREDUCTASE,1364
5,cluster,SIGNALING PROTEIN,363
5,cluster,TRANSCRIPTION,459
5,cluster,TRANSFERASE,1612
5,cluster,TRANSPORT PROTEIN,358
5,cluster,VIRAL PROTEIN,220
5,cluster_stratified,HYDROLASE,1744
5,cluster_stratified,IMMUNE SYSTEM,1460
5,cluster_stratified,ISOMERASE,201
5,cluster_stratified,LYASE,474
5,cluster_stratified,OXIDOREDUCTASE,1712
5,cluster_stratified,SIGNALING PROTEIN,414
5,cluster_stratified,TRANSCRIPTION,384
5,cluster_stratified,TRANSFERASE,1456
5,cluster_stratified,TRANSPORT PROTEIN,328
5,cluster_stratified,VIRAL PROTEIN,432
6,random,HYDROLASE,2130
6,random,IMMUNE SYSTEM,836
6,random,ISOMERASE,296
6,random,LYASE,466
6,random,OXIDOREDUCTASE,1286
6,random,SIGNALING PROTEIN,384
6,random,TRANSCRIPTION,397
6,random,TRANSFERASE,1581
6,random,TRANSPORT PROTEIN,369
6,random,VIRAL PROTEIN,298
6,cluster,HYDROLASE,2211
6,cluster,IMMUNE SYSTEM,322
6,cluster,ISOMERASE,277
6,cluster,LYASE,451
6,cluster,OXIDOREDUCTASE,1022
6,cluster,SIGNALING PROTEIN,364
6,cluster,TRANSCRIPTION,425
6,cluster,TRANSFERASE,1513
6,cluster,TRANSPORT PROTEIN,319
6,cluster,VIRAL PROTEIN,216
6,cluster_stratified,HYDROLASE,2122
6,cluster_stratified,IMMUNE SYSTEM,224
6,cluster_stratified,ISOMERASE,299
6,cluster_stratified,LYASE,383
6,cluster_stratified,OXIDOREDUCTASE,1141
6,cluster_stratified,SIGNALING PROTEIN,318
6,cluster_stratified,TRANSCRIPTION,325
6,cluster_stratified,TRANSFERASE,1468
6,cluster_stratified,TRANSPORT PROTEIN,393
6,cluster_stratified,VIRAL PROTEIN,257
7,random,HYDROLASE,2130
7,random,IMMUNE SYSTEM,836
7,random,ISOMERASE,296
7,random,LYASE,466
7,random,OXIDOREDUCTASE,1286
7,random,SIGNALING PROTEIN,384
7,random,TRANSCRIPTION,397
7,random,TRANSFERASE,1581
7,random,TRANSPORT PROTEIN,369
7,random,VIRAL PROTEIN,298
7,cluster,HYDROLASE,2235
7,cluster,IMMUNE SYSTEM,2863
7,cluster,ISOMERASE,275
7,cluster,LYASE,526
7,cluster,OXIDOREDUCTASE,1332
7,cluster,SIGNALING PROTEIN,383
7,cluster,TRANSCRIPTION,437
7,cluster,TRANSFERASE,1324
7,cluster,TRANSPORT PROTEIN,400
7,cluster,VIRAL PROTEIN,244
7,cluster_stratified,HYDROLASE,2029
7,cluster_stratified,IMMUNE SYSTEM,488
7,cluster_stratified,ISOMERASE,381
7,cluster_stratified,LYASE,432
7,cluster_stratified,OXIDOREDUCTASE,1222
7,cluster_stratified,SIGNALING PROTEIN,336
7,cluster_stratified,TRANSCRIPTION,387
7,cluster_stratified,TRANSFERASE,1363
7,cluster_stratified,TRANSPORT PROTEIN,394
7,cluster_stratified,VIRAL PROTEIN,300
8,random,HYDROLASE,2130
8,random,IMMUNE SYSTEM,836
8,random,ISOMERASE,296
8,random,LYASE,466
8,random,OXIDOREDUCTASE,1286
8,random,SIGNALING PROTEIN,384
8,random,TRANSCRIPTION,397
8,random,TRANSFERASE,1581
8,random,TRANSPORT PROTEIN,369
8,random,VIRAL PROTEIN,298
8,cluster,HYDROLASE,2025
8,cluster,IMMUNE SYSTEM,2007
8,cluster,ISOMERASE,264
8,cluster,LYASE,374
8,cluster,OXIDOREDUCTASE,1482
8,cluster,SIGNALING PROTEIN,382
8,cluster,TRANSCRIPTION,466
8,cluster,TRANSFERASE,2118
8,cluster,TRANSPORT PROTEIN,355
8,cluster,VIRAL PROTEIN,467
8,cluster_stratified,HYDROLASE,1819
8,cluster_stratified,IMMUNE SYSTEM,1916
8,cluster_stratified,ISOMERASE,306
8,cluster_stratified,LYASE,571
8,cluster_stratified,OXIDOREDUCTASE,1234
8,cluster_stratified,SIGNALING PROTEIN,350
8,cluster_stratified,TRANSCRIPTION,373
8,cluster_stratified,TRANSFERASE,1240
8,cluster_stratified,TRANSPORT PROTEIN,348
8,cluster_stratified,VIRAL PROTEIN,259
9,random,HYDROLASE,2130
9,random,IMMUNE SYSTEM,836
9,random,ISOMERASE,296
9,random,LYASE,466
9,random,OXIDOREDUCTASE,1286
9,random,SIGNALING PROTEIN,384
9,random,TRANSCRIPTION,397
9,random,TRANSFERASE,1581
9,random,TRANSPORT PROTEIN,369
9,random,VIRAL PROTEIN,298
9,cluster,HYDROLASE,2250
9,cluster,IMMUNE SYSTEM,509
9,cluster,ISOMERASE,398
9,cluster,LYASE,508
9,cluster,OXIDOREDUCTASE,1145
9,cluster,SIGNALING PROTEIN,315
9,cluster,TRANSCRIPTION,356
9,cluster,TRANSFERASE,1841
9,cluster,TRANSPORT PROTEIN,316
9,cluster,VIRAL PROTEIN,381
9,cluster_stratified,HYDROLASE,2496
9,cluster_stratified,IMMUNE SYSTEM,304
9,cluster_stratified,ISOMERASE,229
9,cluster_stratified,LYASE,432
9,cluster_stratified,OXIDOREDUCTASE,1317
9,cluster_stratified,SIGNALING PROTEIN,355
9,cluster_stratified,TRANSCRIPTION,354
9,cluster_stratified,TRANSFERASE,1566
9,cluster_stratified,TRANSPORT PROTEIN,318
9,cluster_stratified,VIRAL PROTEIN,382
